source_kind,website_source_relative_to_src,procedure_guards_found,area
page,app/[username]/drop/[slug]/page.tsx,,application
page,app/admin/collections/page.tsx,,staff
page,app/admin/sales-attribution/page.tsx,,staff
page,app/announce-drop/page.tsx,,application
http-route,app/api/exit-preview/route.ts,,application
http-route,app/api/fetch-image/route.ts,,application
http-route,app/api/fetch-svg/route.ts,,application
http-route,app/api/healthcheck/route.ts,,application
http-route,app/api/next/allowlist/route.ts,,application
http-route,app/api/next/auth/challenge/route.ts,,application
http-route,app/api/next/auth/login/route.ts,,application
http-route,app/api/next/auth/logout/route.ts,,application
http-route,app/api/next/auth/refresh/route.ts,,application
http-route,app/api/next/auth/validate/route.ts,,application
http-route,app/api/next/drop-announcement-image/route.ts,,application
http-route,app/api/next/drop-share-image/[id]/route.tsx,,application
http-route,app/api/next/ipfs/upload/route.ts,,application
http-route,app/api/next/metadata-bundle/route.ts,,application
http-route,app/api/next/metadata-prepare/route.ts,,application
http-route,app/api/next/series/route.ts,,application
http-route,app/api/next/upload-avatar/route.ts,,application
http-route,app/api/next/upload-offer-tokens/route.ts,,application
http-route,app/api/next/upload-post-image/route.ts,,application
http-route,app/api/preview/route.ts,,application
http-route,app/api/revalidate/route.ts,,application
http-route,app/api/revalidate-prismic/route.ts,,application
trpc-source,app/api/trpc/[trpc]/artwork/add-favorite/trpc.router.ts,protectedProcedure,application
trpc-source,app/api/trpc/[trpc]/artwork/arm-print-fulfillment-intent/trpc.router.ts,protectedProcedure,application
trpc-source,app/api/trpc/[trpc]/artwork/artwork.ts,,application
trpc-source,app/api/trpc/[trpc]/artwork/auction-chat/trpc.router.ts,"baseProcedure,protectedProcedure",application
trpc-source,app/api/trpc/[trpc]/artwork/finalize-phygital-media-upload/trpc.router.ts,protectedProcedure,application
trpc-source,app/api/trpc/[trpc]/artwork/get-adp-data/trpc.router.ts,baseProcedure,application
trpc-source,app/api/trpc/[trpc]/artwork/get-artist-artworks/trpc.router.ts,baseProcedure,application
trpc-source,app/api/trpc/[trpc]/artwork/get-auction-state/trpc.router.ts,baseProcedure,application
trpc-source,app/api/trpc/[trpc]/artwork/get-favorite-status/trpc.router.ts,protectedProcedure,application
trpc-source,app/api/trpc/[trpc]/artwork/get-live-nft/trpc.router.ts,baseProcedure,application
trpc-source,app/api/trpc/[trpc]/artwork/get-nft-events/trpc.router.ts,baseProcedure,application
trpc-source,app/api/trpc/[trpc]/artwork/get-print-order-status/trpc.router.ts,protectedProcedure,application
trpc-source,app/api/trpc/[trpc]/artwork/get-prismic-exhibition/trpc.router.ts,baseProcedure,application
trpc-source,app/api/trpc/[trpc]/artwork/get-published-phygital-metadata/trpc.router.ts,baseProcedure,application
trpc-source,app/api/trpc/[trpc]/artwork/get-published-phygital-metadata-for-owner/trpc.router.ts,protectedProcedure,application
trpc-source,app/api/trpc/[trpc]/artwork/get-related-artworks/trpc.router.ts,baseProcedure,application
trpc-source,app/api/trpc/[trpc]/artwork/publish-phygital-metadata/trpc.router.ts,protectedProcedure,application
trpc-source,app/api/trpc/[trpc]/artwork/refresh-metadata/trpc.router.ts,protectedProcedure,application
trpc-source,app/api/trpc/[trpc]/artwork/remove-favorite/trpc.router.ts,protectedProcedure,application
trpc-source,app/api/trpc/[trpc]/artwork/start-phygital-media-upload/trpc.router.ts,protectedProcedure,application
trpc-source,app/api/trpc/[trpc]/artwork/submit-print-order/trpc.router.ts,protectedProcedure,application
trpc-source,app/api/trpc/[trpc]/artwork/validate-print-destination/trpc.router.ts,protectedProcedure,application
trpc-source,app/api/trpc/[trpc]/artwork/watching/trpc.router.ts,baseProcedure,application
trpc-source,app/api/trpc/[trpc]/artworks/artworks/artworks.ts,baseProcedure,application
trpc-source,app/api/trpc/[trpc]/coinflow/coinflow.ts,,application
trpc-source,app/api/trpc/[trpc]/coinflow/create-checkout-jwt/trpc.router.ts,protectedProcedure,application
trpc-source,app/api/trpc/[trpc]/coinflow/create-erc1155-direct-sale-checkout-jwt/trpc.router.ts,protectedProcedure,application
trpc-source,app/api/trpc/[trpc]/coinflow/create-mint-checkout-jwt/trpc.router.ts,protectedProcedure,application
trpc-source,app/api/trpc/[trpc]/collaboration/accept/trpc.router.ts,protectedProcedure,application
trpc-source,app/api/trpc/[trpc]/collaboration/cancel-invite/trpc.router.ts,protectedProcedure,application
trpc-source,app/api/trpc/[trpc]/collaboration/collaboration.ts,,application
trpc-source,app/api/trpc/[trpc]/collaboration/decline/trpc.router.ts,protectedProcedure,application
trpc-source,app/api/trpc/[trpc]/collaboration/get-accepted-for-nft/trpc.router.ts,protectedProcedure,application
trpc-source,app/api/trpc/[trpc]/collaboration/get-by-id/trpc.router.ts,protectedProcedure,application
trpc-source,app/api/trpc/[trpc]/collaboration/get-for-collaborator/trpc.router.ts,protectedProcedure,application
trpc-source,app/api/trpc/[trpc]/collaboration/get-for-inviter/trpc.router.ts,protectedProcedure,application
trpc-source,app/api/trpc/[trpc]/collaboration/get-pending-invite-for-nft/trpc.router.ts,protectedProcedure,application
trpc-source,app/api/trpc/[trpc]/collaboration/invite/trpc.router.ts,protectedProcedure,application
trpc-source,app/api/trpc/[trpc]/collaboration/set-profile-visibility/trpc.router.ts,protectedProcedure,application
trpc-source,app/api/trpc/[trpc]/collection/collection.ts,,application
trpc-source,app/api/trpc/[trpc]/collection/get-activity/trpc.router.ts,baseProcedure,application
trpc-source,app/api/trpc/[trpc]/collection/get-artworks-count/trpc.router.ts,baseProcedure,application
trpc-source,app/api/trpc/[trpc]/collection/get-batch-offers/trpc.router.ts,baseProcedure,application
trpc-source,app/api/trpc/[trpc]/collection/get-collection-info/trpc.router.ts,baseProcedure,application
trpc-source,app/api/trpc/[trpc]/collection/get-hero-media/trpc.router.ts,baseProcedure,application
trpc-source,app/api/trpc/[trpc]/collection/get-liquid-edition-by-render-contract-address/trpc.router.ts,baseProcedure,application
trpc-source,app/api/trpc/[trpc]/collection/get-metadata/trpc.router.ts,baseProcedure,application
trpc-source,app/api/trpc/[trpc]/collection/get-mint-progress/trpc.router.ts,baseProcedure,application
trpc-source,app/api/trpc/[trpc]/collection/get-patron-board/trpc.router.ts,baseProcedure,application
trpc-source,app/api/trpc/[trpc]/collection/get-prismic-page/trpc.router.ts,baseProcedure,application
trpc-source,app/api/trpc/[trpc]/collection/get-token-count/trpc.router.ts,baseProcedure,application
trpc-source,app/api/trpc/[trpc]/collection/search-artworks/trpc.router.ts,baseProcedure,application
trpc-source,app/api/trpc/[trpc]/create/complete-ipfs-upload/trpc.router.ts,protectedProcedure,application
trpc-source,app/api/trpc/[trpc]/create/digital-curation-inquiry/trpc.router.ts,protectedProcedure,application
trpc-source,app/api/trpc/[trpc]/create/generateNftMedia/trpc.router.ts,protectedProcedure,application
trpc-source,app/api/trpc/[trpc]/create/get-gallery-commission/trpc.router.ts,baseProcedure,application
trpc-source,app/api/trpc/[trpc]/create/get-my-collection/trpc.router.ts,protectedProcedure,application
trpc-source,app/api/trpc/[trpc]/create/get-my-collections/trpc.router.ts,protectedProcedure,application
trpc-source,app/api/trpc/[trpc]/create/get-release-contracts/trpc.router.ts,protectedProcedure,application
trpc-source,app/api/trpc/[trpc]/create/indexCreationBlock/trpc.router.ts,protectedProcedure,application
trpc-source,app/api/trpc/[trpc]/create/mineLiquidSalt/trpc.router.ts,protectedProcedure,application
trpc-source,app/api/trpc/[trpc]/create/physical-partnership-inquiry/trpc.router.ts,protectedProcedure,application
trpc-source,app/api/trpc/[trpc]/create/pinMetadataToIpfs/trpc.router.ts,protectedProcedure,application
trpc-source,app/api/trpc/[trpc]/create/saveNewSeries/trpc.router.ts,protectedProcedure,application
trpc-source,app/api/trpc/[trpc]/create/seriesDropdown/trpc.router.ts,baseProcedure,application
trpc-source,app/api/trpc/[trpc]/create/start-ipfs-upload/trpc.router.ts,protectedProcedure,application
trpc-source,app/api/trpc/[trpc]/create/uploadMedia/trpc.router.ts,protectedProcedure,application
trpc-source,app/api/trpc/[trpc]/creator-posts/create-comment/trpc.router.ts,protectedProcedure,application
trpc-source,app/api/trpc/[trpc]/creator-posts/create-post/trpc.router.ts,protectedProcedure,application
trpc-source,app/api/trpc/[trpc]/creator-posts/creator-posts.ts,,application
trpc-source,app/api/trpc/[trpc]/creator-posts/delete-comment/trpc.router.ts,protectedProcedure,application
trpc-source,app/api/trpc/[trpc]/creator-posts/delete-post/trpc.router.ts,protectedProcedure,application
trpc-source,app/api/trpc/[trpc]/creator-posts/get-comment/trpc.router.ts,baseProcedure,application
trpc-source,app/api/trpc/[trpc]/creator-posts/get-post/trpc.router.ts,baseProcedure,application
trpc-source,app/api/trpc/[trpc]/creator-posts/list-comments/trpc.router.ts,baseProcedure,application
trpc-source,app/api/trpc/[trpc]/creator-posts/list-likes/trpc.router.ts,protectedProcedure,application
trpc-source,app/api/trpc/[trpc]/creator-posts/list-posts/trpc.router.ts,baseProcedure,application
trpc-source,app/api/trpc/[trpc]/creator-posts/set-comment-like/trpc.router.ts,protectedProcedure,application
trpc-source,app/api/trpc/[trpc]/creator-posts/set-like/trpc.router.ts,protectedProcedure,application
trpc-source,app/api/trpc/[trpc]/creator-posts/update-post/trpc.router.ts,protectedProcedure,application
trpc-source,app/api/trpc/[trpc]/curation/curation.ts,,application
trpc-source,app/api/trpc/[trpc]/curation/get-batch-exhibition-card-data/trpc.router.ts,baseProcedure,application
trpc-source,app/api/trpc/[trpc]/curation/get-exhibition-artworks/trpc.router.ts,baseProcedure,application
trpc-source,app/api/trpc/[trpc]/currency/currency.ts,baseProcedure,application
trpc-source,app/api/trpc/[trpc]/dashboard/dashboard.ts,,application
trpc-source,app/api/trpc/[trpc]/dashboard/get-dashboard-stats/trpc.router.ts,baseProcedure,application
trpc-source,app/api/trpc/[trpc]/dashboard/get-incoming-offers/trpc.router.ts,baseProcedure,application
trpc-source,app/api/trpc/[trpc]/dashboard/get-outgoing-offers/trpc.router.ts,baseProcedure,application
trpc-source,app/api/trpc/[trpc]/dashboard/get-unsettled-auctions/trpc.router.ts,baseProcedure,application
trpc-source,app/api/trpc/[trpc]/dashboard/get-user-contracts/trpc.router.ts,protectedProcedure,application
trpc-source,app/api/trpc/[trpc]/drop-announcements/archive/trpc.router.ts,baseProcedure,application
trpc-source,app/api/trpc/[trpc]/drop-announcements/chat/trpc.router.ts,"baseProcedure,protectedProcedure",application
trpc-source,app/api/trpc/[trpc]/drop-announcements/creator-permission/trpc.router.ts,protectedProcedure,application
trpc-source,app/api/trpc/[trpc]/drop-announcements/drop-announcements.ts,,application
trpc-source,app/api/trpc/[trpc]/drop-announcements/editorial-permission/trpc.router.ts,protectedProcedure,application
trpc-source,app/api/trpc/[trpc]/drop-announcements/feed/trpc.router.ts,baseProcedure,application
trpc-source,app/api/trpc/[trpc]/drop-announcements/get-by-creator/trpc.router.ts,baseProcedure,application
trpc-source,app/api/trpc/[trpc]/drop-announcements/get-by-id/trpc.router.ts,baseProcedure,application
trpc-source,app/api/trpc/[trpc]/drop-announcements/get-mine/trpc.router.ts,protectedProcedure,application
trpc-source,app/api/trpc/[trpc]/drop-announcements/list/trpc.router.ts,baseProcedure,application
trpc-source,app/api/trpc/[trpc]/drop-announcements/remove/trpc.router.ts,protectedProcedure,application
trpc-source,app/api/trpc/[trpc]/drop-announcements/save/trpc.router.ts,protectedProcedure,application
trpc-source,app/api/trpc/[trpc]/drop-announcements/update-editorial/trpc.router.ts,protectedProcedure,application
trpc-source,app/api/trpc/[trpc]/editions/editions.ts,,application
trpc-source,app/api/trpc/[trpc]/editions/list-standard/trpc.router.ts,baseProcedure,application
trpc-source,app/api/trpc/[trpc]/explore/activity/trpc.router.ts,"baseProcedure,protectedProcedure",application
trpc-source,app/api/trpc/[trpc]/explore/collections/trpc.router.ts,baseProcedure,application
trpc-source,app/api/trpc/[trpc]/explore/explore.ts,,application
trpc-source,app/api/trpc/[trpc]/explore/search/trpc.router.ts,baseProcedure,application
trpc-source,app/api/trpc/[trpc]/explore/search-all-results/trpc.router.ts,baseProcedure,application
trpc-source,app/api/trpc/[trpc]/explore/search-curated-results/trpc.router.ts,baseProcedure,application
trpc-source,app/api/trpc/[trpc]/explore/search-following-all-results/trpc.router.ts,protectedProcedure,application
trpc-source,app/api/trpc/[trpc]/explore/search-nfts/trpc.router.ts,baseProcedure,application
trpc-source,app/api/trpc/[trpc]/homepage/get-campaign-hero-data/trpc.router.ts,baseProcedure,application
trpc-source,app/api/trpc/[trpc]/homepage/get-custom-section/trpc.router.ts,baseProcedure,application
trpc-source,app/api/trpc/[trpc]/homepage/get-digital-one-of-ones/trpc.router.ts,baseProcedure,application
trpc-source,app/api/trpc/[trpc]/homepage/get-live-auctions/trpc.router.ts,baseProcedure,application
trpc-source,app/api/trpc/[trpc]/homepage/get-nft-hero-data/trpc.router.ts,baseProcedure,application
trpc-source,app/api/trpc/[trpc]/homepage/get-physical-works/trpc.router.ts,baseProcedure,application
trpc-source,app/api/trpc/[trpc]/homepage/get-recent-sales/trpc.router.ts,baseProcedure,application
trpc-source,app/api/trpc/[trpc]/homepage/get-subscribe-cta/trpc.router.ts,baseProcedure,application
trpc-source,app/api/trpc/[trpc]/homepage/homepage.ts,,application
trpc-source,app/api/trpc/[trpc]/homepage/noticeBar/trpc.router.ts,baseProcedure,application
trpc-source,app/api/trpc/[trpc]/leaderboards/artistRankings/trpc.router.ts,baseProcedure,application
trpc-source,app/api/trpc/[trpc]/leaderboards/trendingArtists/trpc.router.ts,baseProcedure,application
trpc-source,app/api/trpc/[trpc]/leaderboards/trendingCollectors/trpc.router.ts,baseProcedure,application
trpc-source,app/api/trpc/[trpc]/leaderboards/trendingSeries/trpc.router.ts,baseProcedure,application
trpc-source,app/api/trpc/[trpc]/lifecycle/ingest/trpc.router.ts,analyticsProcedure,application
trpc-source,app/api/trpc/[trpc]/lifecycle/lifecycle.ts,,application
trpc-source,app/api/trpc/[trpc]/liquid-editions/get-balance-leaders/trpc.router.ts,baseProcedure,application
trpc-source,app/api/trpc/[trpc]/liquid-editions/get-base-token-currency/trpc.router.ts,baseProcedure,application
trpc-source,app/api/trpc/[trpc]/liquid-editions/get-liquid-editions/trpc.router.ts,baseProcedure,application
trpc-source,app/api/trpc/[trpc]/liquid-editions/get-price/trpc.router.ts,baseProcedure,application
trpc-source,app/api/trpc/[trpc]/liquid-editions/get-price-history/trpc.router.ts,baseProcedure,application
trpc-source,app/api/trpc/[trpc]/liquid-editions/get-prismic-page/trpc.router.ts,baseProcedure,application
trpc-source,app/api/trpc/[trpc]/liquid-editions/get-rare-liquidity/trpc.router.ts,baseProcedure,application
trpc-source,app/api/trpc/[trpc]/liquid-editions/get-release-mint-data/trpc.router.ts,baseProcedure,application
trpc-source,app/api/trpc/[trpc]/liquid-editions/get-render-contract-tokens/trpc.router.ts,baseProcedure,application
trpc-source,app/api/trpc/[trpc]/liquid-editions/get-swap-ledger/trpc.router.ts,baseProcedure,application
trpc-source,app/api/trpc/[trpc]/liquid-editions/get-token/trpc.router.ts,baseProcedure,application
trpc-source,app/api/trpc/[trpc]/liquid-editions/get-token-balance/trpc.router.ts,baseProcedure,application
trpc-source,app/api/trpc/[trpc]/liquid-editions/get-token-market-data/trpc.router.ts,baseProcedure,application
trpc-source,app/api/trpc/[trpc]/liquid-editions/get-wei-balance/trpc.router.ts,baseProcedure,application
trpc-source,app/api/trpc/[trpc]/notifications/register-browser-push/trpc.router.ts,protectedProcedure,application
trpc-source,app/api/trpc/[trpc]/notifications/trpc.router.ts,protectedProcedure,application
trpc-source,app/api/trpc/[trpc]/notifications/unregister-browser-push/trpc.router.ts,protectedProcedure,application
trpc-source,app/api/trpc/[trpc]/privateSales/trpc.router.ts,baseProcedure,application
trpc-source,app/api/trpc/[trpc]/profile/check-is-following/trpc.router.ts,baseProcedure,application
trpc-source,app/api/trpc/[trpc]/profile/check-user-email/trpc.router.ts,protectedProcedure,application
trpc-source,app/api/trpc/[trpc]/profile/follow-user/trpc.router.ts,protectedProcedure,application
trpc-source,app/api/trpc/[trpc]/profile/get-activity/trpc.router.ts,baseProcedure,application
trpc-source,app/api/trpc/[trpc]/profile/get-collaborations/trpc.router.ts,baseProcedure,application
trpc-source,app/api/trpc/[trpc]/profile/get-collection/trpc.router.ts,baseProcedure,application
trpc-source,app/api/trpc/[trpc]/profile/get-connected-user/trpc.router.ts,baseProcedure,application
trpc-source,app/api/trpc/[trpc]/profile/get-creations/trpc.router.ts,baseProcedure,application
trpc-source,app/api/trpc/[trpc]/profile/get-creator-collections/trpc.router.ts,baseProcedure,application
trpc-source,app/api/trpc/[trpc]/profile/get-favorites/trpc.router.ts,baseProcedure,application
trpc-source,app/api/trpc/[trpc]/profile/get-liquid-edition-balances/trpc.router.ts,baseProcedure,application
trpc-source,app/api/trpc/[trpc]/profile/get-liquid-edition-creations/trpc.router.ts,baseProcedure,application
trpc-source,app/api/trpc/[trpc]/profile/get-masthead-artwork/trpc.router.ts,baseProcedure,application
trpc-source,app/api/trpc/[trpc]/profile/get-user-by-username/trpc.router.ts,baseProcedure,application
trpc-source,app/api/trpc/[trpc]/profile/get-user-collected-artists/trpc.router.ts,baseProcedure,application
trpc-source,app/api/trpc/[trpc]/profile/get-user-collectors/trpc.router.ts,baseProcedure,application
trpc-source,app/api/trpc/[trpc]/profile/get-user-contracts/trpc.router.ts,baseProcedure,application
trpc-source,app/api/trpc/[trpc]/profile/get-user-details/trpc.router.ts,baseProcedure,application
trpc-source,app/api/trpc/[trpc]/profile/get-user-followers/trpc.router.ts,baseProcedure,application
trpc-source,app/api/trpc/[trpc]/profile/get-user-followings/trpc.router.ts,baseProcedure,application
trpc-source,app/api/trpc/[trpc]/profile/get-user-stats/trpc.router.ts,baseProcedure,application
trpc-source,app/api/trpc/[trpc]/profile/get-users-by-addresses/trpc.router.ts,baseProcedure,application
trpc-source,app/api/trpc/[trpc]/profile/profile.ts,"baseProcedure,protectedProcedure",application
trpc-source,app/api/trpc/[trpc]/profile/resolve-by-username-or-address/trpc.router.ts,baseProcedure,application
trpc-source,app/api/trpc/[trpc]/profile/search-users/trpc.router.ts,baseProcedure,application
http-route,app/api/trpc/[trpc]/route.ts,,application
trpc-source,app/api/trpc/[trpc]/router.ts,,application
trpc-source,app/api/trpc/[trpc]/sales-attribution/get-all-sale-events-for-period/trpc.router.ts,baseProcedure,staff
trpc-source,app/api/trpc/[trpc]/sales-attribution/get-curated-releases/trpc.router.ts,baseProcedure,staff
trpc-source,app/api/trpc/[trpc]/sales-attribution/get-marketplace-volume/trpc.router.ts,baseProcedure,staff
trpc-source,app/api/trpc/[trpc]/sales-attribution/get-organic-marketplace-profit/trpc.router.ts,baseProcedure,staff
trpc-source,app/api/trpc/[trpc]/sales-attribution/get-sales-for-release/trpc.router.ts,baseProcedure,staff
trpc-source,app/api/trpc/[trpc]/sales-attribution/get-sales-for-releases/trpc.router.ts,baseProcedure,staff
trpc-source,app/api/trpc/[trpc]/sales-attribution/sales-attribution.ts,,staff
trpc-source,app/api/trpc/[trpc]/sell/discover-external-collections/trpc.router.ts,protectedProcedure,application
trpc-source,app/api/trpc/[trpc]/sell/get-owned-artworks/trpc.router.ts,protectedProcedure,application
trpc-source,app/api/trpc/[trpc]/sell/import-external-collection/trpc.router.ts,protectedProcedure,application
trpc-source,app/api/trpc/[trpc]/sell/validate-external-collection/trpc.router.ts,protectedProcedure,application
trpc-source,app/api/trpc/[trpc]/series/series.ts,"baseProcedure,protectedProcedure",application
trpc-source,app/api/trpc/[trpc]/user-settings/get-private-user-data/trpc.router.ts,protectedProcedure,application
trpc-source,app/api/trpc/[trpc]/user-settings/update-user/trpc.router.ts,protectedProcedure,application
trpc-source,app/api/trpc/[trpc]/user-settings/user-settings.ts,,application
http-route,app/api/v2/user/route.ts,,application
http-route,app/api/videos/[videoId]/route.ts,,application
page,app/artwork/[chain]/[address]/[id]/page.tsx,,application
page,app/artwork/[chain]/[address]/page.tsx,,application
page,app/bridge/page.tsx,,application
page,app/collect/page.tsx,,application
page,app/collection/[collectionId]/page.tsx,,application
page,app/create/artwork/page.tsx,,application
page,app/create/collections/mint/[collectionAddress]/page.tsx,,application
page,app/create/collections/mint/page.tsx,,application
page,app/create/collections/page.tsx,,application
page,app/create/complete/page.tsx,,application
page,app/create/digital/partner/page.tsx,,application
page,app/create/edition/page.tsx,,application
page,app/create/liquid-edition/page.tsx,,application
page,app/create/page.tsx,,application
page,app/create/physical/page.tsx,,application
page,app/create/physical/partner/page.tsx,,application
page,app/create/release/[address]/page.tsx,,application
page,app/create/release/page.tsx,,application
page,app/create/release/setup/page.tsx,,application
page,app/create-and-sell/page.tsx,,application
page,app/create-on-superrare/page.tsx,,application
page,app/curated-releases/page.tsx,,application
page,app/curation/editorial/[uid]/page.tsx,,application
page,app/curation/editorial/intimate-systems/essay/page.tsx,,application
page,app/curation/editorial/intimate-systems/page.tsx,,application
http-route,app/curation/editorial/intimate-systems/sculpture-media/[index]/route.ts,,application
http-route,app/curation/editorial/intimate-systems/token-uri/[index]/route.ts,,application
page,app/curation/editorial/page.tsx,,application
page,app/curation/exhibitions/[uid]/page.tsx,,application
page,app/curation/exhibitions/page.tsx,,application
page,app/curation/page.tsx,,application
page,app/dashboard/page.tsx,,application
page,app/dev/artwork-cards/page.tsx,,developer
page,app/dev/creator-posts/page.tsx,,developer
page,app/dev/design-lab/page.tsx,,developer
http-route,app/dev/drop-share-specimen/route.tsx,,developer
page,app/dev/emails/page.tsx,,developer
http-route,app/dev/emails/preview/[preview]/route.ts,,developer
page,app/dev/release-artworks/page.tsx,,developer
page,app/dev/release-workflow/page.tsx,,developer
page,app/drop-calendar/page.tsx,,application
page,app/events/superrare-objkt-digital-art-festival/page.tsx,,application
page,app/explore/activity/page.tsx,,application
page,app/explore/all/page.tsx,,application
page,app/explore/artists/all/page.tsx,,application
page,app/explore/artists/page.tsx,,application
page,app/explore/auctions/page.tsx,,application
page,app/explore/collections/page.tsx,,application
page,app/explore/daily-rare/page.tsx,,application
page,app/explore/digital-one-of-ones/page.tsx,,application
page,app/explore/editions/page.tsx,,application
page,app/explore/liquid-editions/page.tsx,,application
page,app/explore/page.tsx,,application
page,app/explore/physical-artworks/page.tsx,,application
page,app/explore/private-sales/page.tsx,,application
page,app/explore/sales/page.tsx,,application
page,app/getting-started/page.tsx,,application
page,app/leaderboard/artists/page.tsx,,application
page,app/leaderboard/collectors/page.tsx,,application
page,app/leaderboard/page.tsx,,application
page,app/leaderboard/series/page.tsx,,application
page,app/liquid-editions/[chainId]/[contractAddress]/page.tsx,,application
page,app/liquid-editions/page.tsx,,application
page,app/notifications/page.tsx,,application
page,app/page.tsx,,application
page,app/posts/[postId]/page.tsx,,application
page,app/profile/[username]/activity/page.tsx,,application
page,app/profile/[username]/collaborations/page.tsx,,application
page,app/profile/[username]/collection/page.tsx,,application
page,app/profile/[username]/creations/page.tsx,,application
page,app/profile/[username]/drops/page.tsx,,application
page,app/profile/[username]/favorites/page.tsx,,application
page,app/profile/[username]/highlights/page.tsx,,application
page,app/profile/[username]/page.tsx,,application
page,app/profile/[username]/posts/[postId]/edit/page.tsx,,application
page,app/profile/[username]/posts/[postId]/page.tsx,,application
page,app/profile/[username]/posts/new/page.tsx,,application
page,app/profile/[username]/posts/page.tsx,,application
page,app/releases/page.tsx,,application
page,app/releases/preparing/[address]/page.tsx,,application
page,app/sell/import/page.tsx,,application
page,app/sell/page.tsx,,application
page,app/settings/page.tsx,,application
page,app/slice-simulator/page.tsx,,developer
page,app/superrare-101/page.tsx,,application
page,app/trade/page.tsx,,application
page,app/trading/page.tsx,,application
